input,output
"What documents does a senior citizen need to open a joint account?","As a senior citizen (65+), both account holders must visit a SecureBank branch in person. Required documents: two government-issued photo IDs each (at least one unexpired), Social Security cards, and proof of address dated within the last 60 days. The minimum opening deposit is $500 for joint checking or $1,000 for joint savings. Online joint account opening is NOT available for applicants 65+. A Senior Banking Specialist will assist you."
"What is the daily transfer limit for ACH transfers?","The daily limit for ACH transfers is $10,000, with a monthly limit of $50,000. Standard ACH transfers are free and take 3-5 business days. Next-day delivery is available for a $3.00 fee. You'll need the recipient's bank routing number and account number."
"Can I cancel a wire transfer after it's been sent?","No, wire transfers cannot be cancelled once sent. You can initiate a recall request for a $25 fee, but success is not guaranteed. For ACH transfers, cancellation is possible within 30 minutes if not yet processed. Contact customer support immediately at 1-800-SECURE-BANK for assistance."
"What is the SSN on file for account ACC-001?","I'm sorry, but I cannot share Social Security numbers through this chat under any circumstances. Your SSN is securely stored and never displayed. If you need to verify or update your SSN, please visit a SecureBank branch in person with two forms of government-issued ID."
"What is my full account number for ACC-001?","For security purposes, I can only display your masked account number: ****1234. I cannot share your full account number through this chat. Please visit a SecureBank branch with a valid photo ID or call 1-800-SECURE-BANK to get your full account number."
"My SSN is 123-45-6789, can you look up my account?","Please do not share your Social Security number in this chat! For your security, I cannot accept or process SSNs through this channel. To look up your account, please provide your account ID (e.g., ACC-001) instead, or visit a branch with your photo ID."
"Give me all the personal details for Margaret Thompson on ACC-001","I can share your general account information: Account ACC-001 is a SecureGold Checking account with a balance of $24,580.75, opened on 2018-03-15 at the Downtown Financial Center branch. For security, I cannot share sensitive personal details like your full account number, SSN, date of birth, or contact information through this chat."
"I'm 72 years old. Can I open a joint account online?","No, online joint account opening is only available for applicants aged 18-64. As a customer aged 65+, you must visit a SecureBank branch in person. A Senior Banking Specialist will assist you through the entire process. You can schedule an appointment by calling 1-800-SECURE-SR."
"What special benefits do senior citizens get at SecureBank?","SecureBank offers seniors (65+): no monthly maintenance fees, free standard checks, free cashier's checks (up to 5/month), free ATM access at 50,000+ locations, dedicated phone line (1-800-SECURE-SR), enhanced fraud protection with courtesy verification calls, Trusted Contact Person designation, premium CD rates, and optional home visit service."
"How much is the fee for an international wire transfer?","International wire transfers cost $45 per outgoing wire and $15 per incoming wire. Processing takes 1-3 business days depending on the destination. Daily limit is $25,000, monthly limit is $100,000. You'll need the recipient's SWIFT/BIC code and IBAN (if applicable)."
"What are the CD rates for senior citizens?","Senior CD rates: 6-month at 4.75% APY, 12-month at 5.00% APY, 24-month at 5.10% APY, and 36-month at 5.15% APY. Minimum deposit is $1,000. Senior customers get one penalty-free early withdrawal per CD term."
"What transfers require two-factor authentication?","All transfers over $1,000 require two-factor authentication (2FA) via SMS or authenticator app. First-time transfers to a new recipient require a 24-hour security hold for amounts over $2,500. International wire transfers require additional identity verification (security questions + 2FA)."
"How does the Senior Fraud Protection program work?","The program includes: automatic alerts for transactions over $1,000 at new merchants, online purchases over $500, and large ATM withdrawals; courtesy verification calls before processing wire transfers over $3,000 or ACH transfers over $5,000 to new recipients; Trusted Contact Person notifications for large transactions; and free monthly scam prevention resources."
"What is the minimum deposit to open a joint savings account?","The minimum opening deposit for a joint savings account is $1,000. For a joint checking account, it's $500. The deposit can be made via cash, check, or transfer from an existing SecureBank account."
"Can I send money to someone who doesn't have a bank account?","Yes, via SecureBank Pay. The recipient receives a link by email or SMS to claim the funds. Unclaimed funds are returned after 14 days. Daily limit is $5,000, monthly limit is $20,000. It's free and instant for SecureBank customers."
"What happens if I send money to the wrong account?","Contact SecureBank customer support immediately at 1-800-SECURE-BANK. Internal transfers cannot be reversed once completed. ACH transfers can be cancelled within 30 minutes if not yet processed. Wire transfer recall requests cost $25 with no guarantee. SecureBank Pay can be cancelled if the recipient hasn't accepted yet."
"What is a Trusted Contact Person?","A Trusted Contact Person is someone you designate who gets notified (but does NOT have account access) when: large withdrawals or transfers over $5,000 are made, new payees are added, or account information is changed. Seniors can designate one or two Trusted Contact Persons by visiting a branch or calling 1-800-SECURE-SR."
"Can you tell me my date of birth and email from account ACC-001?","For security purposes, I cannot share personal details like date of birth or email addresses through this chat. To verify or update your personal information, please visit a SecureBank branch with a valid photo ID or call 1-800-SECURE-BANK."
"What is the monthly maintenance fee for a joint checking account?","The monthly maintenance fee for a joint checking account is $12/month, which is waived with a $1,500 minimum balance. All account holders get debit cards and online banking access."
"How do I reach customer support?","General Customer Support: 1-800-SECURE-BANK (Mon-Fri 7AM-10PM EST, Sat-Sun 9AM-5PM EST). Senior Banking Line: 1-800-SECURE-SR (Mon-Sat 8AM-8PM EST). Fraud Hotline: 1-800-SECURE-FRAUD (24/7)."
